<?xml version="1.0"?>
<game_state>
	<window />
	<input />
	<textures />
	<audio />
	<physics />
	<scene />
	<map />
	<entitymanager>
		<entitymanager>
			<camera />
			<flyingEnemy x="445" y="679" home_x="498" home_y="669" moveDir_x="1" moveDir_y="-12" entityType="6" />
			<flyingEnemy x="1177" y="700" home_x="1230" home_y="690" moveDir_x="1" moveDir_y="-12" entityType="6" />
			<flyingEnemy x="1851" y="707" home_x="1896" home_y="706" moveDir_x="-1" moveDir_y="0" entityType="6" />
			<flyingEnemy x="2363" y="802" home_x="2416" home_y="792" moveDir_x="1" moveDir_y="-12" entityType="6" />
			<flyingEnemy x="4527" y="870" home_x="4580" home_y="860" moveDir_x="1" moveDir_y="-12" entityType="6" />
			<flyingEnemy x="4007" y="154" home_x="4060" home_y="144" moveDir_x="1" moveDir_y="-12" entityType="6" />
			<notGoomba x="710" y="758" home_x="762" home_y="764" moveDir_x="-1" moveDir_y="0" entityType="5" />
			<notGoomba x="1698" y="833" home_x="1750" home_y="825" moveDir_x="-1" moveDir_y="0" entityType="5" />
			<notGoomba x="4198" y="233" home_x="4250" home_y="250" moveDir_x="-1" moveDir_y="0" entityType="5" />
			<notGoomba x="3413" y="301" home_x="3462" home_y="314" moveDir_x="-1" moveDir_y="0" entityType="5" />
			<notGoomba x="4774" y="233" home_x="4826" home_y="234" moveDir_x="-1" moveDir_y="0" entityType="5" />
			<notGoomba x="5026" y="133" home_x="5078" home_y="134" moveDir_x="-1" moveDir_y="0" entityType="5" />
			<notGoomba x="4832" y="808" home_x="4884" home_y="820" moveDir_x="-1" moveDir_y="0" entityType="5" />
			<notGoomba x="3598" y="698" home_x="3650" home_y="675" moveDir_x="-1" moveDir_y="0" entityType="5" />
			<item x="256" y="800" />
			<item x="421" y="752" />
			<item x="199" y="800" />
			<item x="126" y="700" />
			<item x="725" y="700" />
			<item x="746" y="800" />
			<item x="716" y="800" />
			<item x="1655" y="800" />
			<item x="1755" y="800" />
			<item x="1855" y="800" />
			<item x="1705" y="700" />
			<item x="1755" y="700" />
			<item x="1805" y="700" />
			<item x="2056" y="700" />
			<item x="2335" y="700" />
			<item x="2456" y="700" />
			<item x="2756" y="700" />
			<item x="3056" y="800" />
			<item x="3156" y="800" />
			<item x="3255" y="800" />
			<item x="3156" y="700" />
			<item x="3156" y="600" />
			<item x="3505" y="700" />
			<item x="3555" y="700" />
			<item x="3784" y="600" />
			<item x="3934" y="600" />
			<item x="4085" y="600" />
			<item x="4955" y="700" />
			<item x="4855" y="700" />
			<item x="4755" y="700" />
			<item x="4855" y="600" />
			<item x="4805" y="600" />
			<item x="4905" y="600" />
			<item x="4505" y="600" />
			<item x="4505" y="100" />
			<item x="5155" y="100" />
			<item x="5055" y="100" />
			<item x="5255" y="100" />
			<item x="4755" y="100" />
			<item x="4855" y="100" />
			<item x="4055" y="100" />
			<item x="4155" y="100" />
			<item x="4255" y="100" />
			<item x="4355" y="100" />
			<item x="3755" y="100" />
			<item x="3775" y="100" />
			<item x="3600" y="100" />
			<item x="3160" y="100" />
			<item x="3255" y="100" />
			<healeritem x="150" y="700" />
			<healeritem x="1910" y="812" />
			<healeritem x="3223" y="717" />
			<healeritem x="3001" y="66" />
			<healeritem x="5305" y="641" />
			<player x="62" y="867" />
		</entitymanager>
	</entitymanager>
	<guiManager />
	<reload />
	<renderer>
		<camera x="0" y="0" />
	</renderer>
</game_state>
